家用电器,大家电,平板电视,
家用电器,大家电,空调,
家用电器,大家电,冰箱,
家用电器,大家电,洗衣机,
家用电器,大家电,家庭影院,
家用电器,大家电,DVD,
家用电器,大家电,迷你音响,
家用电器,大家电,冷柜/冰吧,
家用电器,大家电,酒柜,
家用电器,大家电,家电配件,
家用电器,厨卫大电,油烟机,
家用电器,厨卫大电,燃气灶,
家用电器,厨卫大电,烟灶套装,
家用电器,厨卫大电,消毒柜,
家用电器,厨卫大电,洗碗机,
家用电器,厨卫大电,电热水器,
家用电器,厨卫大电,燃气热水器,
家用电器,厨卫大电,嵌入式厨电,
家用电器,厨房小电,电饭煲,
家用电器,厨房小电,微波炉,
家用电器,厨房小电,电烤箱,
家用电器,厨房小电,电磁炉,
家用电器,厨房小电,电压力锅,
家用电器,厨房小电,豆浆机,
家用电器,厨房小电,咖啡机,
家用电器,厨房小电,面包机,
家用电器,厨房小电,榨汁机,
家用电器,厨房小电,料理机,
家用电器,厨房小电,电饼铛,
家用电器,厨房小电,煎药壶,
家用电器,厨房小电,酸奶机,
家用电器,厨房小电,煮蛋器,
家用电器,厨房小电,电水壶/热水瓶,
家用电器,厨房小电,电炖锅,
家用电器,厨房小电,多用途锅,
家用电器,厨房小电,电烧烤炉,
家用电器,厨房小电,电热饭盒,
家用电器,厨房小电,其他厨房电器,
家用电器,生活电器,电风扇,
家用电器,生活电器,冷风扇,
家用电器,生活电器,净化器,
家用电器,生活电器,扫地机器人,
家用电器,生活电器,吸尘器,
家用电器,生活电器,加湿器,
家用电器,生活电器,挂烫机/熨斗,
家用电器,生活电器,取暖电器,
家用电器,生活电器,插座,
家用电器,生活电器,点户籍,
家用电器,生活电器,净水器,
家用电器,生活电器,饮水机,
家用电器,生活电器,除湿机,
家用电器,生活电器,干衣机,
家用电器,生活电器,清洁剂,
家用电器,生活电器,收录/音机,
家用电器,生活电器,生活电器配件,
家用电器,生活电器,其他生活电器,
家用电器,个护健康,剃须刀,
家用电器,个护健康,脱毛器,
家用电器,个护健康,口腔护理,
家用电器,个护健康,电吹风,
家用电器,个护健康,美容器,
家用电器,个护健康,理发器,
家用电器,个护健康,卷/直发器,
家用电器,个护健康,按摩椅,
家用电器,个护健康,按摩器,
家用电器,个护健康,足浴盆,
家用电器,个护健康,血压计,
家用电器,个护健康,健康秤/厨房秤,
家用电器,个护健康,血糖仪,
家用电器,个护健康,体温计,
家用电器,个护健康,脂肪检测仪,
家用电器,个护健康,计步器,
家用电器,个护健康,其他健康电器,
家用电器,五金家装,电动工具,
家用电器,五金家装,手动工具,
家用电器,五金家装,仪器仪表,
家用电器,五金家装,浴霸,
家用电器,五金家装,排风扇,
家用电器,五金家装,灯具,
家用电器,五金家装,LED灯,
家用电器,五金家装,洁身器,
家用电器,五金家装,水槽,
家用电器,五金家装,龙头,
家用电器,五金家装,花洒,
家用电器,五金家装,厨卫五金,
家用电器,五金家装,家具五金,
家用电器,五金家装,门铃,
家用电器,五金家装,电器开关,
家用电器,五金家装,插座,
家用电器,五金家装,电工电料,
家用电器,五金家装,监控安防,
家用电器,五金家装,电线/线缆,
通讯数码,手机配件,电池/移动电源,
通讯数码,手机配件,蓝牙耳机,
通讯数码,手机配件,充电器/数据线,
通讯数码,手机配件,手机耳机,
通讯数码,手机配件,手机支架,
通讯数码,手机配件,手机就贴膜,
通讯数码,手机配件,手机存储卡,
通讯数码,手机配件,保护套,
通讯数码,手机配件,车载配件,
通讯数码,手机配件,Iphone配件,
通讯数码,手机配件,创意配件,
通讯数码,手机配件,便携/无线音箱,
通讯数码,手机配件,手机视频,
通讯数码,手机配件,拍照配件,
通讯数码,摄影摄像,数码相机,
通讯数码,摄影摄像,单电/微单相机,
通讯数码,摄影摄像,单反相机,
通讯数码,摄影摄像,拍立得,
通讯数码,摄影摄像,运动相机,
通讯数码,摄影摄像,摄像机,
通讯数码,摄影摄像,镜头,
通讯数码,摄影摄像,户外器材,
通讯数码,摄影摄像,影棚器材,
通讯数码,摄影摄像,冲印服务,
通讯数码,摄影摄像,数码相框,
通讯数码,数码配件,存储卡,
通讯数码,数码配件,读卡器,
通讯数码,数码配件,支架,
通讯数码,数码配件,滤镜,
通讯数码,数码配件,闪光灯,
通讯数码,数码配件,手柄,
通讯数码,数码配件,相机包,
通讯数码,数码配件,三脚架/云台,
通讯数码,数码配件,相机清洁/贴膜,
通讯数码,数码配件,机身附件,
通讯数码,数码配件,镜头附件,
通讯数码,数码配件,电池/充电器,
通讯数码,数码配件,移动电源,
通讯数码,影音娱乐,耳机/耳麦,
通讯数码,影音娱乐,音响/音箱,
通讯数码,影音娱乐,收音机,
通讯数码,影音娱乐,麦克风,
通讯数码,影音娱乐,MP3/MP4,
通讯数码,影音娱乐,专业音频,
通讯数码,影音娱乐,苹果周边,
通讯数码,智能设备,智能手环,
通讯数码,智能设备,智能手表,
通讯数码,智能设备,智能眼镜,
通讯数码,智能设备,智能机器人,
通讯数码,智能设备,运动跟踪,
通讯数码,智能设备,健康监测,
通讯数码,智能设备,智能配饰,
通讯数码,智能设备,智能家居,
通讯数码,智能设备,体感车,
通讯数码,智能设备,无人机,
通讯数码,智能设备,其他配件,
通讯数码,电子教育,学生平板,
通讯数码,电子教育,点读机/笔,
通讯数码,电子教育,早教益智,
通讯数码,电子教育,录音笔,
通讯数码,电子教育,电纸书,
通讯数码,电子教育,电子词典,
通讯数码,电子教育,复读机,
电脑、办公,电脑整机,笔记本,
电脑、办公,电脑整机,超极本,
电脑、办公,电脑整机,游戏本,
电脑、办公,电脑整机,平板电脑,
电脑、办公,电脑整机,平板电脑配件,
电脑、办公,电脑整机,台式机,
电脑、办公,电脑整机,一体机,
电脑、办公,电脑整机,服务器/工作站,
电脑、办公,电脑配件,CPU,
电脑、办公,电脑配件,主板,
电脑、办公,电脑配件,显卡,
电脑、办公,电脑配件,硬盘,
电脑、办公,电脑配件,固态硬盘,
电脑、办公,电脑配件,内存,
电脑、办公,电脑配件,机箱,
电脑、办公,电脑配件,电源,
电脑、办公,电脑配件,显示器,
电脑、办公,电脑配件,光驱/刻录机,
电脑、办公,电脑配件,声卡/扩展卡,
电脑、办公,电脑配件,散热器,
电脑、办公,电脑配件,装机配件,
电脑、办公,外设产品,鼠标,
电脑、办公,外设产品,键盘,
电脑、办公,外设产品,网络仪表仪器,
电脑、办公,外设产品,U盘,
电脑、办公,外设产品,移动硬盘,
电脑、办公,外设产品,鼠标垫,
电脑、办公,外设产品,摄像头,
电脑、办公,外设产品,线缆,
电脑、办公,外设产品,电玩,
电脑、办公,外设产品,手写板,
电脑、办公,外设产品,外置盒,
电脑、办公,外设产品,电脑工具,
电脑、办公,外设产品,电脑清洁,
电脑、办公,外设产品,UPS,
电脑、办公,外设产品,插座,
电脑、办公,游戏设备,游戏机,
电脑、办公,游戏设备,游戏耳机,
电脑、办公,游戏设备,手柄,
电脑、办公,游戏设备,方向盘,
电脑、办公,游戏设备,游戏软件,
电脑、办公,游戏设备,游戏周边,
电脑、办公,网络产品,路由器,
电脑、办公,网络产品,网卡,
电脑、办公,网络产品,交换机,
电脑、办公,网络产品,网络存储,
电脑、办公,网络产品,4G/3G上网,
电脑、办公,网络产品,网络盒子,
电脑、办公,网络产品,网络配件,
电脑、办公,办公设备,投影机,
电脑、办公,办公设备,投影配件,
电脑、办公,办公设备,多功能一体机,
电脑、办公,办公设备,打印机,
电脑、办公,办公设备,传真设备,
电脑、办公,办公设备,验/点钞机,
电脑、办公,办公设备,扫描设备,
电脑、办公,办公设备,复合机,
电脑、办公,办公设备,碎纸机,
电脑、办公,办公设备,考勤机,
电脑、办公,办公设备,POS机,
电脑、办公,办公设备,会议音视频,
电脑、办公,办公设备,保险柜,
电脑、办公,办公设备,装订/封装机,
电脑、办公,办公设备,安防监控,
电脑、办公,办公设备,办公家具,
电脑、办公,办公设备,白板,
电脑、办公,文具耗材,硒鼓/墨粉,
电脑、办公,文具耗材,墨盒,
电脑、办公,文具耗材,色带,
电脑、办公,文具耗材,纸类,
电脑、办公,文具耗材,办公文具,
电脑、办公,文具耗材,学生文具,
电脑、办公,文具耗材,文件管理,
电脑、办公,文具耗材,本册/便签,
电脑、办公,文具耗材,计算器,
电脑、办公,文具耗材,笔记本,
电脑、办公,文具耗材,画具画材,
电脑、办公,文具耗材,财务用品,
电脑、办公,文具耗材,刻录碟片,
家居、厨具,厨具,炒锅,
家居、厨具,厨具,平底锅,
家居、厨具,厨具,蒸锅,
家居、厨具,厨具,汤锅,
家居、厨具,厨具,压力锅,
家居、厨具,厨具,奶锅,
家居、厨具,厨具,砂锅,
家居、厨具,厨具,套装锅,
家居、厨具,厨具,烧水壶,
家居、厨具,厨具,刀铲勺,
家居、厨具,厨具,砧板,
家居、厨具,厨具,烘焙用具,
家居、厨具,厨具,厨房收纳,
家居、厨具,厨具,厨房置物架,
家居、厨具,厨具,其他厨房用品,
家居、厨具,餐具水具,碗/碟/盘,
家居、厨具,餐具水具,刀叉勺筷,
家居、厨具,餐具水具,餐具套装,
家居、厨具,餐具水具,保鲜盒,
家居、厨具,餐具水具,密封罐,
家居、厨具,餐具水具,保温/制冷,
家居、厨具,餐具水具,水具,
家居、厨具,餐具水具,茶具,
家居、厨具,餐具水具,酒具,
家居、厨具,餐具水具,咖啡用具,
家居、厨具,餐具水具,餐桌配件,
家居、厨具,餐具水具,保险膜/袋,
家居、厨具,餐具水具,铝箔纸,
家居、厨具,餐具水具,一次性餐具,
家居、厨具,家纺,床品套件,
家居、厨具,家纺,被子,
家居、厨具,家纺,枕芯,
家居、厨具,家纺,蚊帐,
家居、厨具,家纺,凉席,
家居、厨具,家纺,毛巾浴巾,
家居、厨具,家纺,床单被罩,
家居、厨具,家纺,床垫/床褥,
家居、厨具,家纺,毯子,
家居、厨具,家纺,抱枕靠垫,
家居、厨具,家纺,窗帘/窗纱,
家居、厨具,家纺,电热毯,
家居、厨具,家纺,布艺软饰,
家居、厨具,生活用品,收纳用品,
家居、厨具,生活用品,雨伞雨具,
家居、厨具,生活用品,净化除味,
家居、厨具,生活用品,浴室用品,
家居、厨具,生活用品,洗晒/熨烫,
家居、厨具,生活用品,缝纫/针织,
家居、厨具,生活用品,清洁工具,
家居、厨具,宠物生活,宠物主梁,
家居、厨具,宠物生活,宠物零食,
家居、厨具,宠物生活,洗护美容,
家居、厨具,宠物生活,家居日常,
家居、厨具,宠物生活,宠物玩具,
家居、厨具,宠物生活,出行装备,
家居、厨具,宠物生活,水族用品,
家居、厨具,宠物生活,猫砂/尿布,
家居、厨具,宠物生活,医疗保健,
家居、厨具,宠物生活,牵引绳,
家居、厨具,宠物生活,宠物驱虫,
家具、家装,家具,卧室家具,
家具、家装,家具,客厅家具,
家具、家装,家具,餐厅家具,
家具、家装,家具,书房家具,
家具、家装,家具,储物家具,
家具、家装,家具,阳台/户外,
家具、家装,家具,商业办公,
家具、家装,家具,床,
家具、家装,家具,床垫,
家具、家装,家具,沙发,
家具、家装,家具,电脑椅,
家具、家装,家具,衣柜,
家具、家装,家具,茶几,
家具、家装,家具,电视柜,
家具、家装,家具,餐桌,
家具、家装,家具,电脑桌,
家具、家装,家具,鞋架,
家具、家装,家具,衣帽架,
家具、家装,灯具,台灯,
家具、家装,灯具,吸顶灯,
家具、家装,灯具,筒灯射灯,
家具、家装,灯具,LED灯,
家具、家装,灯具,节能灯,
家具、家装,灯具,落地灯,
家具、家装,灯具,五金电器,
家具、家装,灯具,应急灯/手电,
家具、家装,灯具,装饰灯,
家具、家装,灯具,吊灯,
家具、家装,灯具,氛围照明,
家具、家装,家装建材,灯饰照明,
家具、家装,家装建材,厨房卫浴,
家具、家装,家装建材,五金工具,
家具、家装,家装建材,电工电料,
家具、家装,家装建材,墙地面材料,
家具、家装,家装建材,装饰材料,
家具、家装,家装建材,吸顶灯,
家具、家装,家装建材,淋雨花洒,
家具、家装,家装建材,开关插座,
家具、家装,家装建材,油漆涂料,
家具、家装,家装建材,龙头,
家具、家装,家装软装,桌布/罩件,
家具、家装,家装软装,地毯地垫,
家具、家装,家装软装,沙发垫套/椅垫,
家具、家装,家装软装,装饰字画,
家具、家装,家装软装,装饰摆件,
家具、家装,家装软装,手工/十字绣,
家具、家装,家装软装,相框/照片墙,
家具、家装,家装软装,墙贴/装饰贴,
家具、家装,家装软装,花瓶花艺,
家具、家装,家装软装,香薰蜡烛,
家具、家装,家装软装,节庆饰品,
家具、家装,家装软装,钟饰,
家具、家装,家装软装,帘艺隔断,
家具、家装,家装软装,创意家居,
家具、家装,家装软装,保暖防护,
服装、珠宝,男装,T恤,
服装、珠宝,男装,衬衫,
服装、珠宝,男装,外套,
服装、珠宝,男装,毛衣,
服装、珠宝,男装,羽绒服,
服装、珠宝,男装,棉服,
服装、珠宝,男装,马甲,
服装、珠宝,男装,卫衣,
服装、珠宝,男装,针织衫,
服装、珠宝,男装,POLO衫,
服装、珠宝,男装,皮衣,
服装、珠宝,男装,夹克,
服装、珠宝,男装,风衣,
服装、珠宝,男装,卫裤/运动裤,
服装、珠宝,男装,毛呢大衣,
服装、珠宝,男装,羊毛衫,
服装、珠宝,男装,工装,
服装、珠宝,男装,设计师/潮牌,
服装、珠宝,男装,唐装/中山装,
服装、珠宝,男装,西服,
服装、珠宝,男装,西裤,
服装、珠宝,男装,西服套装,
服装、珠宝,男装,牛仔裤,
服装、珠宝,男装,休闲裤,
服装、珠宝,男装,加绒裤,
服装、珠宝,男装,短裤,
服装、珠宝,男装,大码男装,
服装、珠宝,男装,中老年男装,
服装、珠宝,女装,T恤,
服装、珠宝,女装,衬衫,
服装、珠宝,女装,外套,
服装、珠宝,女装,毛衣,
服装、珠宝,女装,羽绒服,
服装、珠宝,女装,棉服,
服装、珠宝,女装,小西服,
服装、珠宝,女装,马甲,
服装、珠宝,女装,旗袍/唐装,
服装、珠宝,女装,裙子,
服装、珠宝,女装,正装裤,
服装、珠宝,女装,皮衣,
服装、珠宝,女装,皮草,
服装、珠宝,女装,羊毛衫,
服装、珠宝,女装,加绒裤,
服装、珠宝,女装,婚纱,
服装、珠宝,女装,礼服,
服装、珠宝,女装,设计师/潮牌,
服装、珠宝,女装,半身裙,
服装、珠宝,女装,连衣裙,
服装、珠宝,女装,牛仔裤,
服装、珠宝,女装,休闲裤,
服装、珠宝,女装,针织衫,
服装、珠宝,女装,卫衣,
服装、珠宝,女装,风衣,
服装、珠宝,女装,毛呢大衣,
服装、珠宝,女装,短裤,
服装、珠宝,女装,吊带背心,
服装、珠宝,女装,打底衫,
服装、珠宝,女装,打底裤,
服装、珠宝,女装,大码女装,
服装、珠宝,女装,中老年女装,
服装、珠宝,内衣,文胸,
服装、珠宝,内衣,内裤,
服装、珠宝,内衣,睡衣,
服装、珠宝,内衣,袜子,
服装、珠宝,内衣,打底衫,
服装、珠宝,内衣,打底裤,
服装、珠宝,内衣,秋衣裤,
服装、珠宝,配饰,眼镜,
服装、珠宝,配饰,围巾,
服装、珠宝,配饰,帽子,
服装、珠宝,配饰,手套,
服装、珠宝,配饰,腰带,
服装、珠宝,配饰,胸针,
服装、珠宝,配饰,袖钉,
服装、珠宝,配饰,雨伞,
服装、珠宝,配饰,领结/带,
服装、珠宝,珠宝首饰,时尚饰品,
服装、珠宝,珠宝首饰,钻石,
服装、珠宝,珠宝首饰,翡翠玉石,
服装、珠宝,珠宝首饰,金饰,
服装、珠宝,珠宝首饰,水晶玛瑙,
服装、珠宝,珠宝首饰,木饰,
服装、珠宝,珠宝首饰,珍珠,
个护、化妆,面部护理,清洁,
个护、化妆,面部护理,护肤,
个护、化妆,面部护理,面膜,
个护、化妆,面部护理,剃须,
个护、化妆,面部护理,套装,
个护、化妆,洗发护发,洗发,
个护、化妆,洗发护发,护发,
个护、化妆,洗发护发,染发,
个护、化妆,洗发护发,造型,
个护、化妆,洗发护发,假发,
个护、化妆,洗发护发,套装,
个护、化妆,身体护肤,沐浴,
个护、化妆,身体护肤,润肤,
个护、化妆,身体护肤,颈部,
个护、化妆,身体护肤,手足,
个护、化妆,身体护肤,纤体塑形,
个护、化妆,身体护肤,美胸,
个护、化妆,身体护肤,套装,
个护、化妆,口腔护理,牙膏,
个护、化妆,口腔护理,牙粉,
个护、化妆,口腔护理,牙刷,
个护、化妆,口腔护理,牙线,
个护、化妆,口腔护理,漱口水,
个护、化妆,口腔护理,套装,
个护、化妆,女性护理,卫生巾,
个护、化妆,女性护理,护垫,
个护、化妆,女性护理,私密护理,
个护、化妆,女性护理,脱毛膏,
个护、化妆,香水彩妆,香水,
个护、化妆,香水彩妆,底妆,
个护、化妆,香水彩妆,腮红,
个护、化妆,香水彩妆,眼部,
个护、化妆,香水彩妆,唇部,
个护、化妆,香水彩妆,美甲,
个护、化妆,香水彩妆,美容工具,
个护、化妆,香水彩妆,套装,
清洁用品,衣服清洁,洗衣液,
清洁用品,衣服清洁,洗衣粉,
清洁用品,衣服清洁,洗衣皂,
清洁用品,衣服清洁,衣服除菌液,
清洁用品,衣服清洁,柔顺剂,
清洁用品,衣服清洁,衣领净,
清洁用品,衣服清洁,漂白/彩漂,
清洁用品,家庭清洁,洗洁精,
清洁用品,家庭清洁,油污净,
清洁用品,家庭清洁,洁厕剂,
清洁用品,家庭清洁,厨卫消毒,
清洁用品,家庭清洁,管道疏通,
清洁用品,家庭清洁,玻璃清洁剂,
清洁用品,家庭清洁,地板清洁剂,
清洁用品,家庭清洁,家具清洁剂,
清洁用品,家庭清洁,皮革保养剂,
清洁用品,清洁用具,拖把,
清洁用品,清洁用具,扫把,
清洁用品,清洁用具,垃圾袋,
清洁用品,清洁用具,垃圾桶,
清洁用品,清洁用具,水盆/水桶,
清洁用品,清洁用具,抹布/百洁布,
清洁用品,清洁用具,清洁刷,
清洁用品,清洁用具,清洁手套,
鞋包,时尚女鞋,休闲鞋,
鞋包,时尚女鞋,帆布鞋,
鞋包,时尚女鞋,鱼嘴鞋,
鞋包,时尚女鞋,凉鞋,
鞋包,时尚女鞋,若邪,
鞋包,时尚女鞋,布鞋,
鞋包,时尚女鞋,松糕鞋,
鞋包,时尚女鞋,高跟鞋,
鞋包,时尚女鞋,裸靴,
鞋包,时尚女鞋,马丁靴,
鞋包,时尚女鞋,雪地靴,
鞋包,时尚女鞋,雨鞋,
鞋包,流行男鞋,休闲鞋,
鞋包,流行男鞋,正装鞋,
鞋包,流行男鞋,帆布鞋,
鞋包,流行男鞋,布鞋,
鞋包,流行男鞋,工装鞋,
鞋包,流行男鞋,拖鞋,
鞋包,流行男鞋,沙滩鞋,
鞋包,流行男鞋,雨鞋,
鞋包,流行男鞋,男靴,
鞋包,男女包,单肩包,
鞋包,男女包,手提包,
鞋包,男女包,斜挎包,
鞋包,男女包,双肩包,
鞋包,男女包,钱包,
鞋包,男女包,手拿包,
鞋包,男女包,卡包/零钱包,
鞋包,男女包,钥匙包,
鞋包,男女包,商务公文包,
鞋包,功能箱包,拉杆箱/拉杆包,
鞋包,功能箱包,旅行包,
鞋包,功能箱包,电脑包,
鞋包,功能箱包,休闲运动包,
鞋包,功能箱包,相机包,
鞋包,功能箱包,腰包/胸包,
鞋包,功能箱包,登山包,
鞋包,功能箱包,旅行配件,
鞋包,功能箱包,书包,
鞋包,功能箱包,妈咪包,
鞋包,奢侈品,箱包,
鞋包,奢侈品,钱包,
鞋包,奢侈品,服饰,
鞋包,奢侈品,腰带,
鞋包,奢侈品,鞋靴,
鞋包,奢侈品,太阳镜/眼镜框,
鞋包,奢侈品,饰品,
鞋包,奢侈品,配件,
鞋包,钟表,男表,
鞋包,钟表,女表,
鞋包,钟表,儿童表,
鞋包,钟表,智能手表,
鞋包,钟表,座钟,
鞋包,钟表,挂钟,
鞋包,礼品,火机/烟具,
鞋包,礼品,军刀军具,
鞋包,礼品,美妆礼品,
鞋包,礼品,工艺礼品,
鞋包,礼品,文具礼品,
鞋包,礼品,收藏品,
鞋包,礼品,古董把玩,
鞋包,礼品,创意礼品,
鞋包,礼品,婚庆礼品,
鞋包,礼品,鲜花绿植,
鞋包,礼品,京东卡,
运动户外,运动鞋包,跑步鞋,
运动户外,运动鞋包,休闲鞋,
运动户外,运动鞋包,篮球鞋,
运动户外,运动鞋包,板鞋,
运动户外,运动鞋包,运动包,
运动户外,运动鞋包,足球鞋,
运动户外,运动鞋包,帆布鞋,
运动户外,运动鞋包,乒羽网鞋,
运动户外,运动鞋包,训练鞋,
运动户外,运动鞋包,专项运动鞋,
运动户外,运动鞋包,拖鞋,
运动户外,运动服饰,运动套装,
运动户外,运动服饰,羽绒服,
运动户外,运动服饰,卫衣/套头衫,
运动户外,运动服饰,棉服,
运动户外,运动服饰,运动裤,
运动户外,运动服饰,夹克/风衣,
运动户外,运动服饰,运动配饰,
运动户外,运动服饰,运动背心,
运动户外,运动服饰,乒羽网服,
运动户外,运动服饰,训练服,
运动户外,运动服饰,毛衫/线衫,
运动户外,运动服饰,T恤,
运动户外,健身训练,跑步机,
运动户外,健身训练,健身车/动感单车,
运动户外,健身训练,哑铃,
运动户外,健身训练,仰卧板/收腹机,
运动户外,健身训练,甩脂机,
运动户外,健身训练,踏步机,
运动户外,健身训练,运动护具,
运动户外,健身训练,瑜伽舞蹈,
运动户外,健身训练,武术搏击,
运动户外,健身训练,综合训练器,
运动户外,健身训练,其他大型器械,
运动户外,健身训练,其他小型器械,
运动户外,骑行运动,山地车,
运动户外,骑行运动,公路车,
运动户外,骑行运动,折叠车,
运动户外,骑行运动,骑行装备,
运动户外,骑行运动,骑行服,
运动户外,体育用品,乒乓球,
运动户外,体育用品,羽毛球,
运动户外,体育用品,篮球,
运动户外,体育用品,足球,
运动户外,体育用品,轮滑鞋,
运动户外,体育用品,滑板,
运动户外,体育用品,网球,
运动户外,体育用品,高尔夫,
运动户外,体育用品,台球,
运动户外,体育用品,排球,
运动户外,体育用品,棋牌麻将,
运动户外,体育用品,其他,
运动户外,户外鞋服,冲锋衣裤,
运动户外,户外鞋服,速干衣裤,
运动户外,户外鞋服,滑雪服,
运动户外,户外鞋服,软壳衣裤,
运动户外,户外鞋服,户外风衣,
运动户外,户外鞋服,功能内衣,
运动户外,户外鞋服,迷彩服,
运动户外,户外鞋服,登山鞋,
运动户外,户外鞋服,徒步鞋,
运动户外,户外鞋服,越野跑鞋,
运动户外,户外鞋服,雪地靴,
运动户外,户外鞋服,溯溪鞋,
运动户外,户外鞋服,沙滩鞋,
运动户外,户外鞋服,户外袜,
运动户外,户外装备,背包,
运动户外,户外装备,帐篷/垫子,
运动户外,户外装备,睡袋/吊床,
运动户外,户外装备,登山攀岩,
运动户外,户外装备,户外照明,
运动户外,户外装备,野餐烧烤,
运动户外,户外装备,便携桌椅床,
运动户外,户外装备,望远镜,
运动户外,户外装备,户外仪表,
运动户外,户外装备,救援装备,
运动户外,户外装备,户外配饰,
运动户外,户外装备,其他户外装备,
运动户外,垂钓用品,鱼竿鱼线,
运动户外,垂钓用品,浮漂鱼饵,
运动户外,垂钓用品,钓鱼桌椅,
运动户外,垂钓用品,钓箱鱼包,
运动户外,垂钓用品,其他垂钓用品,
运动户外,游泳用品,泳镜,
运动户外,游泳用品,泳帽,
运动户外,游泳用品,防水包,
运动户外,游泳用品,男士泳衣,
运动户外,游泳用品,女士泳衣,
运动户外,游泳用品,儿童泳衣,
运动户外,游泳用品,比基尼,
运动户外,游泳用品,其他,
汽车用品,维修保养,机油,
汽车用品,维修保养,添加剂,
汽车用品,维修保养,防冻液,
汽车用品,维修保养,滤清器,
汽车用品,维修保养,火花塞,
汽车用品,维修保养,雨刷,
汽车用品,维修保养,车灯,
汽车用品,维修保养,减震器,
汽车用品,维修保养,轮胎,
汽车用品,维修保养,轮毂,
汽车用品,维修保养,刹车片/盘,
汽车用品,维修保养,蓄电池,
汽车用品,维修保养,底盘装甲/护板,
汽车用品,维修保养,贴膜,
汽车用品,维修保养,汽修工具,
汽车用品,维修保养,改装配件,
汽车用品,维修保养,正时皮带,
汽车用品,维修保养,汽车喇叭,
汽车用品,车载电器,行车记录仪,
汽车用品,车载电器,导航仪,
汽车用品,车载电器,电源,
汽车用品,车载电器,电器配件,
汽车用品,车载电器,净化器,
汽车用品,车载电器,车载影音,
汽车用品,车载电器,车载冰箱,
汽车用品,车载电器,安全预警仪,
汽车用品,车载电器,倒车雷达,
汽车用品,车载电器,蓝牙设备,
汽车用品,车载电器,智能驾驶,
汽车用品,车载电器,车载电台,
汽车用品,车载电器,吸尘器,
汽车用品,车载电器,智能车机,
汽车用品,车载电器,汽车音响,
汽车用品,车载电器,车载生活电器,
汽车用品,美容清洗,车蜡,
汽车用品,美容清洗,镀晶镀膜,
汽车用品,美容清洗,补漆笔,
汽车用品,美容清洗,玻璃水,
汽车用品,美容清洗,清洁剂,
汽车用品,美容清洗,洗车机,
汽车用品,美容清洗,洗车水枪,
汽车用品,美容清洗,洗车配件,
汽车用品,美容清洗,毛巾掸子,
汽车用品,汽车装饰,脚垫,
汽车用品,汽车装饰,座垫,
汽车用品,汽车装饰,座套,
汽车用品,汽车装饰,后备箱垫,
汽车用品,汽车装饰,方向盘套,
汽车用品,汽车装饰,头枕腰靠,
汽车用品,汽车装饰,香水,
汽车用品,汽车装饰,空气净化,
汽车用品,汽车装饰,功能小件,
汽车用品,汽车装饰,车衣,
汽车用品,汽车装饰,挂件摆件,
汽车用品,汽车装饰,车身装饰件,
汽车用品,安全自驾,安全座椅,
汽车用品,安全自驾,胎压监测,
汽车用品,安全自驾,充气泵,
汽车用品,安全自驾,防盗设备,
汽车用品,安全自驾,应急救援,
汽车用品,安全自驾,保温箱,
汽车用品,安全自驾,储物箱,
汽车用品,安全自驾,自驾野营,
汽车用品,安全自驾,摩托车装备,
母婴、玩具,奶粉,婴儿奶粉,
母婴、玩具,奶粉,孕妇奶粉,
母婴、玩具,营养辅食,DHA,
母婴、玩具,营养辅食,钙铁锌/维生素,
母婴、玩具,营养辅食,益生菌/初乳,
母婴、玩具,营养辅食,清火/开胃,
母婴、玩具,营养辅食,米粉/菜粉,
母婴、玩具,营养辅食,果泥/果汁,
母婴、玩具,营养辅食,面条/粥,
母婴、玩具,营养辅食,宝宝零食,
母婴、玩具,尿裤湿巾,纸尿布,
母婴、玩具,尿裤湿巾,尿布,
母婴、玩具,尿裤湿巾,隔尿垫,
母婴、玩具,尿裤湿巾,拉拉裤,
母婴、玩具,尿裤湿巾,成人尿裤,
母婴、玩具,尿裤湿巾,湿巾,
母婴、玩具,洗护用品,宝宝护肤,
母婴、玩具,洗护用品,宝宝洗浴,
母婴、玩具,洗护用品,理发器,
母婴、玩具,洗护用品,洗衣液/皂,
母婴、玩具,洗护用品,奶瓶清洗,
母婴、玩具,洗护用品,日常护理,
母婴、玩具,洗护用品,坐便器,
母婴、玩具,洗护用品,驱蚊防蚊,
母婴、玩具,喂养用品,奶瓶奶嘴,
母婴、玩具,喂养用品,吸奶器,
母婴、玩具,喂养用品,牙胶安抚,
母婴、玩具,喂养用品,暖奶消毒,
母婴、玩具,喂养用品,辅食料理机,
母婴、玩具,喂养用品,碗盘叉勺,
母婴、玩具,喂养用品,水壶/水杯,
母婴、玩具,童车童床,婴儿床,
母婴、玩具,童车童床,婴儿推车,
母婴、玩具,童车童床,餐椅摇椅,
母婴、玩具,童车童床,学步车,
母婴、玩具,童车童床,三轮车,
母婴、玩具,童车童床,自行车,
母婴、玩具,童车童床,扭扭车,
母婴、玩具,童车童床,滑板车,
母婴、玩具,童车童床,电动车,
母婴、玩具,服饰、座椅,婴儿外出服,
母婴、玩具,服饰、座椅,婴儿内衣,
母婴、玩具,服饰、座椅,婴儿礼盒,
母婴、玩具,服饰、座椅,婴儿鞋帽袜,
母婴、玩具,服饰、座椅,家居床品,
母婴、玩具,服饰、座椅,安全防护,
母婴、玩具,服饰、座椅,提篮式座椅,
母婴、玩具,服饰、座椅,安全座椅,
母婴、玩具,服饰、座椅,增高垫,
母婴、玩具,妈妈专区,孕妇装,
母婴、玩具,妈妈专区,防辐射服,
母婴、玩具,妈妈专区,妈咪包/背婴带,
母婴、玩具,妈妈专区,产后塑身,
母婴、玩具,妈妈专区,孕妈美容,
母婴、玩具,妈妈专区,文胸/内裤,
母婴、玩具,妈妈专区,月子装,
母婴、玩具,妈妈专区,待产/新生,
母婴、玩具,妈妈专区,孕期营养,
母婴、玩具,童装童鞋,套装,
母婴、玩具,童装童鞋,上衣,
母婴、玩具,童装童鞋,运动鞋,
母婴、玩具,童装童鞋,裤子,
母婴、玩具,童装童鞋,内衣,
母婴、玩具,童装童鞋,皮鞋,
母婴、玩具,童装童鞋,帆布鞋,
母婴、玩具,童装童鞋,亲子装,
母婴、玩具,童装童鞋,羽绒服/棉服,
母婴、玩具,童装童鞋,运动服,
母婴、玩具,童装童鞋,靴子,
母婴、玩具,童装童鞋,演出服,
母婴、玩具,童装童鞋,裙子,
母婴、玩具,童装童鞋,功能鞋,
母婴、玩具,童装童鞋,凉鞋,
母婴、玩具,童装童鞋,配饰,
母婴、玩具,玩具乐器,遥控/电动,
母婴、玩具,玩具乐器,益智玩具,
母婴、玩具,玩具乐器,积木拼插,
母婴、玩具,玩具乐器,动漫玩具,
母婴、玩具,玩具乐器,毛绒布艺,
母婴、玩具,玩具乐器,模型玩具,
母婴、玩具,玩具乐器,健身玩具,
母婴、玩具,玩具乐器,娃娃玩具,
母婴、玩具,玩具乐器,DIY玩具,
母婴、玩具,玩具乐器,创意减压,
母婴、玩具,玩具乐器,乐器相关,
酒水、特产,中外名酒,白酒,
酒水、特产,中外名酒,黄酒/养生酒,
酒水、特产,中外名酒,啤酒,
酒水、特产,中外名酒,白葡萄酒,
酒水、特产,中外名酒,红葡萄酒,
酒水、特产,中外名酒,洋酒,
酒水、特产,中外名酒,果味酒,
酒水、特产,中外名酒,收藏酒/陈年老酒,
酒水、特产,进口食品,牛奶,
酒水、特产,进口食品,饼干蛋糕,
酒水、特产,进口食品,糖果/巧克力,
酒水、特产,休闲食品,休闲零食,
酒水、特产,休闲食品,冲调饮品,
酒水、特产,休闲食品,粮油调味,
酒水、特产,休闲食品,休闲零食,
酒水、特产,休闲食品,坚果炒货,
酒水、特产,休闲食品,肉干肉脯,
酒水、特产,休闲食品,蜜饯果干,
酒水、特产,休闲食品,糖果/巧克力,
酒水、特产,休闲食品,饼干蛋糕,
酒水、特产,休闲食品,无糖食品,
酒水、特产,地方特产,新疆,
酒水、特产,地方特产,四川,
酒水、特产,地方特产,云南,
酒水、特产,地方特产,湖南,
酒水、特产,地方特产,内蒙,
酒水、特产,地方特产,北京,
酒水、特产,地方特产,山西,
酒水、特产,地方特产,福建,
酒水、特产,地方特产,东北,
酒水、特产,地方特产,其他,
酒水、特产,茗茶,铁观音,
酒水、特产,茗茶,普洱,
酒水、特产,茗茶,龙井,
酒水、特产,茗茶,绿茶,
酒水、特产,茗茶,花茶,
酒水、特产,茗茶,乌龙茶,
酒水、特产,茗茶,花草茶,
酒水、特产,茗茶,花果茶,
酒水、特产,茗茶,黑茶,
酒水、特产,茗茶,白茶,
酒水、特产,茗茶,养生茶,
酒水、特产,茗茶,其他茶,
酒水、特产,饮料冲调,牛奶乳品,
酒水、特产,饮料冲调,饮料,
酒水、特产,饮料冲调,饮用水,
酒水、特产,饮料冲调,咖啡,
酒水、特产,饮料冲调,奶茶,
酒水、特产,饮料冲调,蜂蜜/柚子茶,
酒水、特产,饮料冲调,冲饮谷物,
酒水、特产,饮料冲调,成人奶粉,
粮油、生鲜,米类,大米,
粮油、生鲜,米类,糯米,
粮油、生鲜,米类,香米,
粮油、生鲜,米类,黑米,
粮油、生鲜,米类,小米,
粮油、生鲜,米类,薏仁米,
粮油、生鲜,食用油,大豆油,
粮油、生鲜,食用油,菜籽油,
粮油、生鲜,食用油,花生油,
粮油、生鲜,食用油,玉米油,
粮油、生鲜,食用油,葵花油,
粮油、生鲜,食用油,调和油,
粮油、生鲜,食用油,其他食用油,
粮油、生鲜,干货,枣类,
粮油、生鲜,干货,莲子,
粮油、生鲜,干货,木耳/银耳,
粮油、生鲜,干货,枸杞,
粮油、生鲜,干货,菌菇类,
粮油、生鲜,干货,桂圆/龙眼,
粮油、生鲜,干货,海鲜干货,
粮油、生鲜,干货,其他干货,
粮油、生鲜,杂粮,黄豆,
粮油、生鲜,杂粮,红豆,
粮油、生鲜,杂粮,绿豆,
粮油、生鲜,杂粮,赤小豆,
粮油、生鲜,杂粮,黑豆,
粮油、生鲜,杂粮,芝麻,
粮油、生鲜,杂粮,玉米渣,
粮油、生鲜,杂粮,其他杂粮,
粮油、生鲜,面粉,面粉,
粮油、生鲜,面粉,淀粉,
粮油、生鲜,面粉,烘焙辅料,
粮油、生鲜,速食/罐头,肉罐头,
粮油、生鲜,速食/罐头,水产罐头,
粮油、生鲜,速食/罐头,蔬菜罐头,
粮油、生鲜,速食/罐头,水果罐头,
粮油、生鲜,速食/罐头,酱菜,
粮油、生鲜,速食/罐头,腐乳,
粮油、生鲜,速食/罐头,方便食品,
粮油、生鲜,速食/罐头,火腿肠,
粮油、生鲜,速食/罐头,其他速食品,
粮油、生鲜,调味品,酱油,
粮油、生鲜,调味品,醋,
粮油、生鲜,调味品,盐,
粮油、生鲜,调味品,糖,
粮油、生鲜,调味品,鸡精/味精,
粮油、生鲜,调味品,调味料,
粮油、生鲜,调味品,调味酱,
粮油、生鲜,调味品,调味油,
粮油、生鲜,调味品,料酒/黄酒,
粮油、生鲜,调味品,食品添加剂,
粮油、生鲜,调味品,嫩肉粉,
粮油、生鲜,调味品,果酱,
粮油、生鲜,调味品,炼乳,
粮油、生鲜,生鲜食品,水果蔬菜,
粮油、生鲜,生鲜食品,海鲜水产,
粮油、生鲜,生鲜食品,肉禽蛋奶,
粮油、生鲜,生鲜食品,熟食腊味,
粮油、生鲜,生鲜食品,环球美食,
营养保健,营养健康,调节免疫,
营养保健,营养健康,调节三高,
营养保健,营养健康,缓解疲劳,
营养保健,营养健康,美体塑身,
营养保健,营养健康,美容养颜,
营养保健,营养健康,肝肾养护,
营养保健,营养健康,肠胃养护,
营养保健,营养健康,明目益智,
营养保健,营养健康,骨骼健康,
营养保健,营养健康,改善睡眠,
营养保健,营养健康,抗氧化,
营养保健,营养健康,耐缺氧,
营养保健,营养成份,维生素/矿物质,
营养保健,营养成份,蛋白质,
营养保健,营养成份,鱼油/磷脂,
营养保健,营养成份,螺旋藻,
营养保健,营养成份,番茄红素,
营养保健,营养成份,叶酸,
营养保健,营养成份,葡萄籽,
营养保健,营养成份,左旋肉碱,
营养保健,营养成份,辅酶Q10,
营养保健,营养成份,益生菌,
营养保健,营养成份,玛咖,
营养保健,营养成份,膳食纤维,
营养保健,营养成份,牛初乳,
营养保健,营养成份,胶原蛋白,
营养保健,营养成份,大豆异黄酮,
营养保健,营养成份,芦荟提取,
营养保健,营养成份,酵素,
营养保健,滋补养生,阿胶,
营养保健,滋补养生,蜂蜜/蜂产品,
营养保健,滋补养生,枸杞,
营养保健,滋补养生,燕窝,
营养保健,滋补养生,海参,
营养保健,滋补养生,冬虫夏草,
营养保健,滋补养生,人参/西洋参,
营养保健,滋补养生,三七,
营养保健,滋补养生,鹿茸,
营养保健,滋补养生,雪蛤,
营养保健,滋补养生,青钱柳,
营养保健,滋补养生,石斛枫斗,
营养保健,滋补养生,灵芝孢子粉,
营养保健,滋补养生,当归,
营养保健,滋补养生,养生茶饮,
营养保健,滋补养生,药食同源,
营养保健,成人用品,安全避孕,
营养保健,成人用品,验孕测孕,
营养保健,成人用品,人体润滑,
营养保健,成人用品,男用延时,
营养保健,成人用品,男用器具,
营养保健,成人用品,女用器具,
营养保健,成人用品,情趣内衣,
营养保健,保健器械,血压计,
营养保健,保健器械,血糖仪,
营养保健,保健器械,血氧仪,
营养保健,保健器械,体温计,
营养保健,保健器械,体重秤,
营养保健,保健器械,胎心仪,
营养保健,保健器械,呼吸制氧,
营养保健,保健器械,雾化器,
营养保健,保健器械,助听器,
营养保健,保健器械,轮椅,
营养保健,保健器械,拐杖,
营养保健,保健器械,中医保健,
营养保健,保健器械,养生器械,
营养保健,保健器械,理疗仪,
营养保健,保健器械,家庭护理,
营养保健,保健器械,智能健康,
营养保健,护理护具,隐形眼镜,
营养保健,护理护具,护理液,
营养保健,护理护具,口罩,
营养保健,护理护具,眼罩/耳塞,
营养保健,护理护具,跌打损伤,
营养保健,护理护具,暖贴,
营养保健,护理护具,鼻喉护理,
营养保健,护理护具,眼部保健,
营养保健,护理护具,美体护理,
图书、音像,音像,影视,
图书、音像,音像,音乐,
图书、音像,音像,教育音像,
图书、音像,音像,游戏,
图书、音像,音像,影视/动漫周边,
图书、音像,少儿,儿童文学,
图书、音像,少儿,绘本,
图书、音像,少儿,科普,
图书、音像,少儿,幼儿启蒙,
图书、音像,少儿,手工游戏,
图书、音像,少儿,智力开发,
图书、音像,教育,教材,
图书、音像,教育,中小学教辅,
图书、音像,教育,考试,
图书、音像,教育,外语学习,
图书、音像,教育,字典词典,
图书、音像,文艺,小说,
图书、音像,文艺,文学,
图书、音像,文艺,青春文学,
图书、音像,文艺,传记,
图书、音像,文艺,动漫,
图书、音像,文艺,艺术,
图书、音像,文艺,摄影,
图书、音像,经管励志,管理,
图书、音像,经管励志,金融投资,
图书、音像,经管励志,经济,
图书、音像,经管励志,励志与成功,
图书、音像,人文社科,历史,
图书、音像,人文社科,心理学,
图书、音像,人文社科,政治/军事,
图书、音像,人文社科,国学/古籍,
图书、音像,人文社科,哲学/宗教,
图书、音像,人文社科,社会科学,
图书、音像,人文社科,法律,
图书、音像,人文社科,文化,
图书、音像,生活,家教与育儿,
图书、音像,生活,孕产,
图书、音像,生活,健身保健,
图书、音像,生活,旅游/地图,
图书、音像,生活,美食,
图书、音像,生活,时尚美妆,
图书、音像,生活,家居,
图书、音像,生活,手工DIY,
图书、音像,生活,两性,
图书、音像,生活,体育,
图书、音像,科技,计算机与互联网,
图书、音像,科技,科普,
图书、音像,科技,建筑,
图书、音像,科技,工业技术,
图书、音像,科技,电子/通信,
图书、音像,科技,医学,
图书、音像,科技,科学与自然,
图书、音像,科技,农林,
图书、音像,刊/原版,杂志/期刊,
图书、音像,刊/原版,英文原版书,
图书、音像,刊/原版,港台图书,
图书、音像,数字音乐,通俗流行,
图书、音像,数字音乐,古典音乐,
图书、音像,数字音乐,摇滚说唱,
图书、音像,数字音乐,爵士蓝调,
图书、音像,数字音乐,乡村民谣,
图书、音像,数字音乐,有声读物,
票务,彩票,福彩,
票务,彩票,体彩,
票务,彩票,其他,
票务,演出票务,电影选座,
票务,演出票务,演唱会,
票务,演出票务,音乐会,
票务,演出票务,话剧/歌剧,
票务,演出票务,体育赛事,
票务,演出票务,舞蹈芭蕾,
票务,演出票务,戏曲综艺,
票务,教育培训,早教幼教,
票务,教育培训,中小学教育,
票务,教育培训,语言/留学,
票务,教育培训,学历教育,
票务,教育培训,执业技能,
票务,教育培训,兴趣爱好,